<?xml version="1.0" encoding="UTF-8" ?>
<root>
	<UserAccess>
		<UserID>AX13770</UserID>
    <Location>Midwest</Location>
		<Tabs>
      <Tab>
      <Node>totalLoad</Node>
      <DisplayName>Midwest Load</DisplayName>
        <Tags>
          <Tag>
            <Name>
              ANALOG:MWE.TOT_LD__DLMW
            </Name>
          </Tag>
           <Tag>
            <Name>
              WRMID_LMP_NP
            </Name>
          </Tag>
        </Tags>
      </Tab>
      <Tab>
        <Node>WR.MW.GMEC.MW</Node>
        <DisplayName>GMEC</DisplayName>
        <Tags>
          <Tag>
            <Name>
              ANALOG:SPPM1.GOOD_U1__STP
            </Name>
          </Tag>
          <Tag>
            <Name>
              ANALOG:GOOD.GOOD_1__DLMW
            </Name>
          </Tag>
          <Tag>
            <Name>
              ANALOG:SPPM1.GOOD1_LMP_NP
            </Name>
          </Tag>
        </Tags>
      </Tab>
      <Tab>
        <Node>WR.MW.GMEC2.MW</Node>
        <DisplayName>GMEC2</DisplayName>
        <Tags>
          <Tag>
            <Name>
              ANALOG:SPPM1.GOOD_U2__STP
            </Name>
          </Tag>
          <Tag>
            <Name>
              ANALOG:GOOD.GOOD_2__DLMW
            </Name>
          </Tag>
          <Tag>
            <Name>
              ANALOG:SPPM1.GOOD2_LMP_NP
            </Name>
          </Tag>
        </Tags>
      </Tab>
      <Tab>
        <Node>WR.MW.SMOKY.MW</Node>
        <DisplayName>SMOKY</DisplayName>
        <Tags>
          <Tag>
            <Name>
              ANALOG:SPPM1.SHWF_U1__STP
            </Name>
          </Tag>
          <Tag>
            <Name>
              ANALOG:SHWF.MWE_GEN__MWH
            </Name>
          </Tag>
          <Tag>
            <Name>
              ANALOG:SPPM1.SHWF1_LMP_NP
            </Name>
          </Tag>
        </Tags>
      </Tab>
      <Tab>
        <Node>WR.MW.SMOKY2.MW</Node>
        <DisplayName>SMOKY2</DisplayName>
        <Tags>
          <Tag>
            <Name>
              ANALOG:SPPM1.SHWF_U2__STP
            </Name>
          </Tag>
          <Tag>
            <Name>
              ANALOG:SHWF2.MWE_GEN___MW
            </Name>
          </Tag>
          <Tag>
            <Name>
              ANALOG:SPPM1.SHWF2_LMP_NP
            </Name>
          </Tag>
        </Tags>
      </Tab>
      <Tab>
        <Node>WR.MW.COLBY.MW</Node>
        <DisplayName>COLBY</DisplayName>
        <Tags>
          <Tag>
            <Name>
              ANALOG:SPPM1.COLB_____STP
            </Name>
          </Tag>
          <Tag>
            <Name>
              ANALOG:CCOLB.NET_GEN___MW
            </Name>
          </Tag>
          <Tag>
            <Name>
              ANALOG:SPPM1.COLB__LMP_NP
            </Name>
          </Tag>
        </Tags>
      </Tab>  
    </Tabs>
	</UserAccess>
  <UserAccess>
    <UserID>XX0000</UserID>
    <Location>COWP</Location>
    <Tabs>
      <Tab>
        <Node>totalLoad</Node>
        <DisplayName>COWP Load</DisplayName>
        <Tags>
          <Tag>
            <Name>
              ANALOG:WRIP1.WPL_NET___MW
            </Name>
          </Tag>
          <Tag>
            <Name>
              WSTPL_LMP_NP
            </Name>
          </Tag>
        </Tags>
      </Tab>
      <Tab>
        <Node>cowpGen1</Node>
        <DisplayName>GEN1</DisplayName>
        <Tags>
          <Tag>
            <Name>
              ANALOG:SPPM1.COWP_1___STP
            </Name>
          </Tag>
          <Tag>
            <Name>
              ANALOG:WPL1.1GEN_NET_MW
            </Name>
          </Tag>
          <Tag>
            <Name>
              ANALOG:SPPM1.COWP1_LMP_NP
            </Name>
          </Tag>
        </Tags>
      </Tab>
      <Tab>
        <Node>cowpGen2</Node>
        <DisplayName>GEN2</DisplayName>
        <Tags>
          <Tag>
            <Name>
              ANALOG:SPPM1.COWP_2___STP
            </Name>
          </Tag>
          <Tag>
            <Name>
              ANALOG:WPL2.2GEN_NET_MW
            </Name>
          </Tag>
          <Tag>
            <Name>
              ANALOG:SPPM1.COWP2_LMP_NP
            </Name>
          </Tag>
        </Tags>
      </Tab>
    </Tabs>
  </UserAccess>
  <UserAccess>
    <UserID>XX0000</UserID>
    <Location>Kennett</Location>
    <Tabs>
      <Tab>
        <Node>totalLoad</Node>
        <DisplayName>Kennett Load</DisplayName>
        <Tags>
          <Tag>
            <Name>
              ANALOG:SPA.KEN_______MW
            </Name>
          </Tag>
          <Tag>
            <Name>
              KENNT_LMP_NP
            </Name>
          </Tag>
        </Tags>
      </Tab>
   </Tabs>
  </UserAccess>
  <UserAccess>
    <UserID>XX0000</UserID>
    <Location>Malden</Location>
    <Tabs>
      <Tab>
        <Node>totalLoad</Node>
        <DisplayName>Malden Load</DisplayName>
        <Tags>
          <Tag>
            <Name>
              ANALOG:SPA.MAL_______MW
            </Name>
          </Tag>
          <Tag>
            <Name>
              MALDN_LMP_NP
            </Name>
          </Tag>
        </Tags>
      </Tab>
    </Tabs>
  </UserAccess>
  <UserAccess>
    <UserID>XX0000</UserID>
    <Location>McPherson</Location>
    <Tabs>
      <Tab>
        <Node>MCP1</Node>
        <DisplayName>CT1</DisplayName>
        <Tags>
          <Tag>
            <Name>
              ANALOG:CMCPH.GT1_NETOUTMW
            </Name>
          </Tag>
          <Tag>
            <Name>
              ANALOG:SPPM1.MCPH_GT1_STP
            </Name>
          </Tag>
          <Tag>
            <Name>
              ANALOG:SPPIM.DEV_MCPGT1MW
            </Name>
          </Tag>
          <Tag>
            <Name>
              ANALOG:SPPM1.MCPGT1LMP_NP
            </Name>
          </Tag>
        </Tags>
      </Tab>
      <Tab>
        <Node>MCP2</Node>
        <DisplayName>CT2</DisplayName>
        <Tags>
          <Tag>
            <Name>
              ANALOG:CMCPH.GT2_NETOUTMW
            </Name>
          </Tag>
          <Tag>
            <Name>
              ANALOG:SPPM1.MCPH_GT2_STP
            </Name>
          </Tag>
          <Tag>
            <Name>
              ANALOG:SPPIM.DEV_MCPGT2MW
            </Name>
          </Tag>
          <Tag>
            <Name>
              ANALOG:SPPM1.MCPGT2LMP_NP
            </Name>
          </Tag>
        </Tags>
      </Tab>
      <Tab>
        <Node>MCP3</Node>
        <DisplayName>CT3</DisplayName>
        <Tags>
          <Tag>
            <Name>
              ANALOG:CMCPH.GT3_NETOUTMW
            </Name>
          </Tag>
          <Tag>
            <Name>
              ANALOG:SPPM1.MCPH_GT3_STP
            </Name>
          </Tag>
          <Tag>
            <Name>
              ANALOG:SPPIM.DEV_MCPGT3MW
            </Name>
          </Tag>
          <Tag>
            <Name>
              ANALOG:SPPM1.MCPGT3LMP_NP
            </Name>
          </Tag>
        </Tags>
      </Tab>
      <Tab>
        <Node>MCP4</Node>
        <DisplayName>CT4</DisplayName>
        <Tags>
          <Tag>
            <Name>
              ANALOG:CMCPH.GT4_NETOUTMW
            </Name>
          </Tag>
          <Tag>
            <Name>
              ANALOG:SPPM1.MCPH_GT4_STP
            </Name>
          </Tag>
          <Tag>
            <Name>
              ANALOG:SPPIM.DEV_MCPGT4MW
            </Name>
          </Tag>
          <Tag>
            <Name>
              ANALOG:SPPM1.MCPGT4LMP_NP
            </Name>
          </Tag>
        </Tags>
      </Tab>  
    </Tabs>
  </UserAccess>
  <UserAccess>
    <UserID>XX0000</UserID>
    <Location>Paragould</Location>
    <Tabs>
      <Tab>
        <Node>totalLoad</Node>
        <DisplayName>Paragould Load</DisplayName>
        <Tags>
          <Tag>
            <Name>
              ANALOG:MOARK.PARAGLD___MW
            </Name>
          </Tag>
          <Tag>
            <Name>
              PARAG_LMP_NP
            </Name>
          </Tag>
        </Tags>
      </Tab>
    </Tabs>
  </UserAccess>
  <UserAccess>
    <UserID>XX0000</UserID>
    <Location>Piggott</Location>
    <Tabs>
      <Tab>
        <Node>totalLoad</Node>
        <DisplayName>Piggott Load</DisplayName>
        <Tags>
          <Tag>
            <Name>
              ANALOG:SPA.PIG1______MW
            </Name>
          </Tag>
          <Tag>
            <Name>
              ANALOG:SPA.PIG2______MW
            </Name>
          </Tag>
          <Tag>
            <Name>
              PIGGT_LMP_NP
            </Name>
          </Tag>
        </Tags>
      </Tab>
    </Tabs>
  </UserAccess>
  <UserAccess>
    <UserID>XX0000</UserID>
    <Location>PoplarBluff</Location>
    <Tabs>
      <Tab>
        <Node>totalLoad</Node>       
        <DisplayName>Poplar Bluff Load</DisplayName>
        <Tags>
          <Tag>
            <Name>
              ANALOG:SPA.PBL1______MW
            </Name>
          </Tag>
          <Tag>
            <Name>
              ANALOG:SPA.PBL2______MW
            </Name>
          </Tag>
          <Tag>
            <Name>
              POPLB_LMP_NP
            </Name>
          </Tag>
        </Tags>
      </Tab>
    </Tabs>
  </UserAccess>
  <UserAccess>
    <UserID>XX0000</UserID>
    <Location>Southwind</Location>
    <Tabs>
      <Tab>
        <Node>totalLoad</Node>
        <DisplayName>Southwind Load</DisplayName>
        <Tags>
          <Tag>
            <Name>
              ANALOG:WRIP1.WR_SEG____MW
            </Name>
          </Tag>
          <Tag>
            <Name>
              ANALOG:CHANC.14GEN_NET_MW
            </Name>
          </Tag>
          <Tag>
            <Name>
              WRSEG_LMP_NP
            </Name>
          </Tag>
        </Tags>
      </Tab>
      <Tab>
        <Node>chanGen</Node>
        <DisplayName>Southwind Gen</DisplayName>
        <Tags>
          <Tag>
            <Name>
              ANALOG:SPPM1.CHAN_14__STP
            </Name>
          </Tag>
          <Tag>
            <Name>
              ANALOG:CHANC.14GEN_NET_MW
            </Name>
          </Tag>
          <Tag>
            <Name>
              CHAN14LMP_NP
            </Name>
          </Tag>
        </Tags>
      </Tab>

      <Tab>
        <Node>rtLoad</Node>
        <DisplayName>Southwind Real-time Load</DisplayName>
        <Tags>
          <Tag>
            <Name>
              ANALOG:CHANC.14GEN_NET_MW
            </Name>
          </Tag>
          <Tag>
            <Name>
              ANALOG:CHANC.ERIE______MW
            </Name>
          </Tag>
          <Tag>
            <Name>
              ANALOG:CHANC.TIOG______MW
            </Name>
          </Tag>
          <Tag>
            <Name>
              ANALOG:CHANC.7_GEN_GROSMW
            </Name>
          </Tag>
          <Tag>
            <Name>
              ANALOG:CHANC.8_GEN_GROSMW
            </Name>
          </Tag>
          <Tag>
            <Name>
              ANALOG:CHANC.9_GEN_GROSMW
            </Name>
          </Tag>
          <Tag>
            <Name>
              ANALOG:CHANC.10GEN_GROSMW
            </Name>
          </Tag>
          <Tag>
            <Name>
              ANALOG:CHANC.11GEN_GROSMW
            </Name>
          </Tag>
          <Tag>
            <Name>
              ANALOG:CHANC.12GEN_GROSMW
            </Name>
          </Tag>
          <Tag>
            <Name>
              ANALOG:CHANC.13GEN_GROSMW
            </Name>
          </Tag>
          <Tag>
            <Name>
              ANALOG:IOLAT.TIE_METER_MW
            </Name>
          </Tag>
          <Tag>
            <Name>
              ANALOG:IOLG1.KWATT_____MW
            </Name>
          </Tag>
          <Tag>
            <Name>
              ANALOG:IOLG2.KWATT_____MW
            </Name>
          </Tag>
          <Tag>
            <Name>
              ANALOG:IOLG67.KWATT_____MW
            </Name>
          </Tag>
          <Tag>
            <Name>
              ANALOG:IOLG8910.KWATT_____MW
            </Name>
          </Tag>
          <Tag>
            <Name>
              ANALOG:SABET.TIE_METER_MW
            </Name>
          </Tag>
          <Tag>
            <Name>
              ANALOG:SABG2.KWATT_____MW
            </Name>
          </Tag>
          <Tag>
            <Name>
              ANALOG:SABG3.KWATT_____MW
            </Name>
          </Tag>
          <Tag>
            <Name>
              ANALOG:SABG5.KWATT_____MW
            </Name>
          </Tag>
          <Tag>
            <Name>
              ANALOG:SABG6.KWATT_____MW
            </Name>
          </Tag>
          <Tag>
            <Name>
              ANALOG:SABG7.KWATT_____MW
            </Name>
          </Tag>
          <Tag>
            <Name>
              ANALOG:SABG8.KWATT_____MW
            </Name>
          </Tag>
          <Tag>
            <Name>
              ANALOG:SABG9.KWATT_____MW
            </Name>
          </Tag>
          <Tag>
            <Name>
              ANALOG:SABG10.KWATT_____MW
            </Name>
          </Tag>
          <Tag>
            <Name>
              ANALOG:SABG11.KWATT_____MW
            </Name>
          </Tag>
          <Tag>
            <Name>
              ANALOG:SABG12.KWATT_____MW
            </Name>
          </Tag>
          <Tag>
            <Name>
              ANALOG:FREDT.TIE_METER_MW
            </Name>
          </Tag>
          <Tag>
            <Name>
              ANALOG:CENTT.TIE_METER_MW
            </Name>
          </Tag>
          <Tag>
            <Name>
              ANALOG:ARCAT.TIE_METER_MW
            </Name>
          </Tag>
        </Tags>
      </Tab>
      <Tab>
        <Node>rtGen</Node>
        <DisplayName>Southwind Real-time Generator</DisplayName>
        <Tags>
          <Tag>
            <Name>
              ANALOG:CHANC.7_GEN_GROSMW
            </Name>
          </Tag>
          <Tag>
            <Name>
              ANALOG:CHANC.8_GEN_GROSMW
            </Name>
          </Tag>
          <Tag>
            <Name>
              ANALOG:CHANC.9_GEN_GROSMW
            </Name>
          </Tag>
          <Tag>
            <Name>
              ANALOG:CHANC.10GEN_GROSMW
            </Name>
          </Tag>
          <Tag>
            <Name>
              ANALOG:CHANC.11GEN_GROSMW
            </Name>
          </Tag>
          <Tag>
            <Name>
              ANALOG:CHANC.12GEN_GROSMW
            </Name>
          </Tag>
          <Tag>
            <Name>
              ANALOG:CHANC.13GEN_GROSMW
            </Name>
          </Tag>
          <Tag>
            <Name>
              ANALOG:IOLG1.KWATT_____MW
            </Name>
          </Tag>
          <Tag>
            <Name>
              ANALOG:IOLG2.KWATT_____MW
            </Name>
          </Tag>
          <Tag>
            <Name>
              ANALOG:IOLG67.KWATT_____MW
            </Name>
          </Tag>
          <Tag>
            <Name>
              ANALOG:IOLG8910.KWATT_____MW
            </Name>
          </Tag>
          <Tag>
            <Name>
              ANALOG:SABG2.KWATT_____MW
            </Name>
          </Tag>
          <Tag>
            <Name>
              ANALOG:SABG3.KWATT_____MW
            </Name>
          </Tag>
          <Tag>
            <Name>
              ANALOG:SABG5.KWATT_____MW
            </Name>
          </Tag>
          <Tag>
            <Name>
              ANALOG:SABG6.KWATT_____MW
            </Name>
          </Tag>
          <Tag>
            <Name>
              ANALOG:SABG7.KWATT_____MW
            </Name>
          </Tag>
          <Tag>
            <Name>
              ANALOG:SABG8.KWATT_____MW
            </Name>
          </Tag>
          <Tag>
            <Name>
              ANALOG:SABG9.KWATT_____MW
            </Name>
          </Tag>
          <Tag>
            <Name>
              ANALOG:SABG10.KWATT_____MW
            </Name>
          </Tag>
          <Tag>
            <Name>
              ANALOG:SABG11.KWATT_____MW
            </Name>
          </Tag>
          <Tag>
            <Name>
              ANALOG:SABG12.KWATT_____MW
            </Name>
          </Tag>
        </Tags>
      </Tab>
    </Tabs>
  </UserAccess>
</root>

